pollutant,scope,site,outcome,n,r2,coef,p_value,q_value_at_0.05,fdr_significant_q0.05,q_value_at_0.1,fdr_significant_q0.1
PM2.5,per_site,UCSD,severe_hypo_fraction,518,0.0870811407470157,0.0021035167594021,4.064307587542776e-05,0.0058533040507747075,True,0.0058533040507747075,True
PM2.5,per_site,UCSD,severe_hypo_minutes_per_day,518,0.0864435519353153,2.545474494743776,4.064794479704658e-05,0.0058533040507747075,True,0.0058533040507747075,True
PM2.5,per_site,UCSD,glucose_cv_ratio,518,0.0809790240564291,0.0113664874088073,0.0001643977305489,0.015782182132694403,True,0.015782182132694403,True
PM2.5,pooled,all,glucose_cv_ratio,1944,0.0503523507711981,0.0046097268597321,0.0003944471707938,0.027527776569859202,True,0.027527776569859202,True
PM2.5,per_site,UCSD,severe_hypo_windows_per_day,518,0.0676426298904622,0.0359539292669302,0.0005315541699121,0.027527776569859202,True,0.027527776569859202,True
PM2.5,pooled,all,glucose_overall_variance,1944,0.0575964197069495,76.73290791611032,0.0005734953452054,0.027527776569859202,True,0.027527776569859202,True
VOC,per_site,UAB,severe_hyper_mean_glucose,296,0.1428982830249416,-24.831055046892416,0.0008505510894512,0.03218065980535828,True,0.03218065980535828,True
PM2.5,pooled,all,normal_minutes_per_day,1944,0.0682481154276571,-24.057746129594737,0.0009366411456595,0.03218065980535828,True,0.03218065980535828,True
PM2.5,pooled,all,severe_hyper_windows_per_day,1944,0.0490276274214387,0.0620282845754473,0.0010073319593629,0.03218065980535828,True,0.03218065980535828,True
VOC,per_site,UAB,normal_windows_per_day,715,0.0432666530803307,1.3287753570336025,0.0012026962042735,0.03218065980535828,True,0.03218065980535828,True
NOx,per_site,UCSD,normal_mean_glucose,516,0.0838718249012033,16.24090333534639,0.0012795598696193,0.03218065980535828,True,0.03218065980535828,True
PM2.5,pooled,all,moderate_hypo_fraction,1944,0.0141926264007793,0.0011739151760747,0.0013712589071197,0.03218065980535828,True,0.03218065980535828,True
PM2.5,pooled,all,moderate_hypo_minutes_per_day,1944,0.0136175679945818,1.6132726991072175,0.0014525992273252,0.03218065980535828,True,0.03218065980535828,True
PM2.5,pooled,all,normal_fraction,1944,0.0669265797925302,-0.0157008176665602,0.0017609030394389,0.0362242910970288,True,0.0362242910970288,True
NOx,per_site,UCSD,moderate_hyper_fraction,518,0.0748536855894564,0.1168671467812207,0.00201593468001,0.0382423087708344,True,0.0382423087708344,True
NOx,per_site,UCSD,moderate_hyper_minutes_per_day,518,0.0752373830129654,165.74788637506458,0.0021245727094908,0.0382423087708344,True,0.0382423087708344,True
PM2.5,pooled,all,moderate_hypo_windows_per_day,1944,0.0140453917701233,0.0515560431023084,0.0023271443023491,0.03942456229862005,True,0.03942456229862005,True
PM2.5,pooled,all,moderate_hyper_mean_glucose,1740,0.0392881357716053,0.7134882821270834,0.0032762043724569,0.0524192699593104,False,0.0524192699593104,True
PM2.5,pooled,all,severe_hypo_minutes_per_day,1944,0.0151254299853351,0.8754417028205206,0.0039256666259162,0.059504841487571875,False,0.059504841487571875,True
PM2.5,pooled,all,severe_hyper_minutes_per_day,1944,0.0441054890115473,10.06815475560485,0.0050717900496169,0.07303377671448336,False,0.07303377671448336,True
VOC,per_site,UCSD,moderate_hyper_mean_glucose,466,0.0419871149674772,8.053143328852487,0.0071111825739604,0.09752478958574262,False,0.09752478958574262,True
NOx,per_site,UCSD,normal_minutes_per_day,518,0.0552847412608461,-230.98052756611904,0.0104073664879207,0.1362418885691437,False,0.1362418885691437,False
PM2.5,pooled,all,severe_hyper_fraction,1944,0.0428257326171415,0.0078257177241968,0.011869198092494,0.148623002201664,False,0.148623002201664,False
VOC,per_site,UCSD,severe_hypo_mean_glucose,118,0.1128116725724411,4.703678983930328,0.0125978398262252,0.15117407791470241,False,0.15117407791470241,False
NOx,per_site,UCSD,normal_fraction,518,0.0557804653115234,-0.1527442042086982,0.0138317976257261,0.15934230864836466,False,0.15934230864836466,False
VOC,pooled,all,normal_windows_per_day,1944,0.042681891110038,0.6157014839142261,0.0155847857426287,0.1726314728414256,False,0.1726314728414256,False
PM2.5,pooled,all,severe_hypo_windows_per_day,1944,0.0165427097622393,0.0154784436548716,0.0175676043621518,0.18339595740080042,False,0.18339595740080042,False
PM2.5,per_site,UCSD,glucose_overall_variance,518,0.0536769819568678,123.12670397625332,0.0182074932426261,0.18339595740080042,False,0.18339595740080042,False
NOx,per_site,UCSD,severe_hypo_fraction,518,0.0664627430924913,0.0068118354359083,0.0184669540438306,0.18339595740080042,False,0.18339595740080042,False
VOC,per_site,UCSD,glucose_cv_ratio,518,0.0646520193504165,0.0397540290371287,0.0213504153532706,0.20255908044583532,False,0.20255908044583532,False
NOx,per_site,UCSD,severe_hypo_minutes_per_day,518,0.0652274643381957,8.006471328109123,0.0221298476936471,0.20255908044583532,False,0.20255908044583532,False
NOx,per_site,UCSD,moderate_hyper_windows_per_day,518,0.0674579518071043,1.4432092403891472,0.0225065644939817,0.20255908044583532,False,0.20255908044583532,False
NOx,per_site,UCSD,glucose_mean,518,0.0592883386262831,25.23396960496145,0.0234573746359585,0.20471890591381964,False,0.20471890591381964,False
PM2.5,pooled,all,severe_hypo_fraction,1944,0.0106234377979265,0.0008873844019335,0.0251603885172685,0.21312329096980379,False,0.21312329096980379,False
PM2.5,per_site,UAB,normal_minutes_per_day,715,0.0685135308234756,-27.57508032434187,0.0274952107122196,0.22624630528912126,False,0.22624630528912126,False
VOC,pooled,all,moderate_hypo_mean_glucose,1150,0.0140812884305939,1.2581299641947938,0.0305658636751044,0.24174056860265075,False,0.24174056860265075,False
VOC,per_site,UCSD,moderate_hyper_windows_per_day,518,0.0664309820467745,1.3865964822198702,0.0310569480496461,0.24174056860265075,False,0.24174056860265075,False
PM2.5,pooled,all,glucose_mean_daily_variance,1944,0.0535225687242244,36.69893141258986,0.0325189617604755,0.2435610406613236,False,0.2435610406613236,False
PM2.5,per_site,UAB,normal_fraction,715,0.0648598886982456,-0.0184449460060276,0.0329822242562209,0.2435610406613236,False,0.2435610406613236,False
NOx,per_site,UCSD,glucose_mean_daily_variance,518,0.0530544693219339,470.7495948002765,0.0426017206486208,0.30322717098075447,False,0.30322717098075447,False
PM2.5,per_site,UCSD,moderate_hyper_mean_glucose,466,0.0351718919494394,1.080636843116206,0.0447000612399214,0.30322717098075447,False,0.30322717098075447,False
PM2.5,per_site,UW,moderate_hypo_windows_per_day,711,0.0319654165495154,0.0500604536607663,0.0465985493098279,0.30322717098075447,False,0.30322717098075447,False
PM2.5,per_site,UAB,moderate_hyper_mean_glucose,642,0.0431530443925838,0.7929982264345248,0.0468903892242881,0.30322717098075447,False,0.30322717098075447,False
PM2.5,per_site,UW,moderate_hypo_minutes_per_day,711,0.0297704164658354,1.5393989033230095,0.0478184166651011,0.30322717098075447,False,0.30322717098075447,False
VOC,per_site,UCSD,normal_windows_per_day,518,0.0646600840430404,0.9251755668831202,0.050372015126611,0.30322717098075447,False,0.30322717098075447,False
PM2.5,per_site,UW,moderate_hypo_fraction,711,0.0296862730380819,0.0010722676715596,0.0507273744910007,0.30322717098075447,False,0.30322717098075447,False
NOx,pooled,all,glucose_cv_ratio,1944,0.0460408165886481,0.0136818820540062,0.0509815880179246,0.30322717098075447,False,0.30322717098075447,False
NOx,per_site,UCSD,glucose_overall_variance,518,0.0503523013878306,570.8663044667093,0.0511538413824842,0.30322717098075447,False,0.30322717098075447,False
NOx,per_site,UCSD,normal_windows_per_day,518,0.0645859925822057,0.9055368800831852,0.0515907339515867,0.30322717098075447,False,0.30322717098075447,False
PM2.5,pooled,all,severe_hyper_mean_glucose,728,0.0730499801063901,1.3747370784719903,0.0557605597821434,0.321180824345146,False,0.321180824345146,False
PM2.5,pooled,all,moderate_hyper_fraction,1944,0.0644464203551331,0.005813800364359,0.0571294174888937,0.32261318111375265,False,0.32261318111375265,False
VOC,pooled,all,severe_hyper_mean_glucose,728,0.0729009686919553,-9.40822032682459,0.0597545326046057,0.33094818057935466,False,0.33094818057935466,False
PM2.5,per_site,UAB,severe_hyper_windows_per_day,715,0.0394315578181314,0.0619970778929181,0.0610446431167082,0.331714287124754,False,0.331714287124754,False
VOC,per_site,UCSD,severe_hyper_windows_per_day,518,0.0408288541331827,0.4313062964805434,0.0734393890902871,0.39167674181486456,False,0.39167674181486456,False
PM2.5,pooled,all,normal_windows_per_day,1944,0.0413520860677151,0.0649970414315356,0.0750965417961444,0.39323280067799254,False,0.39323280067799254,False
PM2.5,pooled,all,moderate_hyper_minutes_per_day,1944,0.0637650933395288,7.730855768230276,0.0767454865541641,0.3946910737071297,False,0.3946910737071297,False
PM2.5,per_site,UW,glucose_overall_variance,711,0.0945454034005622,50.08236330395976,0.0782050719054995,0.39514141594357644,False,0.39514141594357644,False
NOx,pooled,all,normal_windows_per_day,1944,0.0411827482335278,0.3305347433215159,0.09270303877961,0.45505712822105315,False,0.45505712822105315,False
PM2.5,per_site,UAB,severe_hyper_minutes_per_day,715,0.0535219119681966,11.445300330099794,0.0932235089063963,0.45505712822105315,False,0.45505712822105315,False
PM2.5,per_site,UCSD,moderate_hypo_fraction,518,0.0294833384698768,0.0010421754631847,0.0968509599084473,0.46040045638326493,False,0.46040045638326493,False
VOC,per_site,UW,severe_hypo_mean_glucose,215,0.0982355966250994,-3.119765675227347,0.0983039598884618,0.46040045638326493,False,0.46040045638326493,False
VOC,per_site,UCSD,moderate_hyper_minutes_per_day,518,0.0628400550836844,90.51511070924892,0.099910823809303,0.46040045638326493,False,0.46040045638326493,False
PM2.5,per_site,UCSD,moderate_hypo_minutes_per_day,518,0.0291347406877444,1.4695775314294424,0.1007125998338392,0.46040045638326493,False,0.46040045638326493,False
NOx,pooled,all,moderate_hyper_minutes_per_day,1944,0.0635125309058837,38.00183186644679,0.1060892741096454,0.46583403939657153,False,0.46583403939657153,False
VOC,per_site,UCSD,moderate_hyper_fraction,518,0.0620898207039037,0.0623379863101788,0.1062957220976478,0.46583403939657153,False,0.46583403939657153,False
NOx,pooled,all,moderate_hyper_fraction,1944,0.0639467963963205,0.0264684809252093,0.1077038337729189,0.46583403939657153,False,0.46583403939657153,False
NOx,per_site,UAB,severe_hyper_mean_glucose,296,0.1164922950067961,-8.74964610446034,0.1120467401519912,0.46583403939657153,False,0.46583403939657153,False
PM2.5,per_site,UCSD,glucose_mean_daily_variance,518,0.0500677438480682,65.75027247612398,0.1124630172612507,0.46583403939657153,False,0.46583403939657153,False
PM2.5,per_site,UAB,moderate_hyper_fraction,715,0.04688902434653,0.0078675461372622,0.1169213279297927,0.46583403939657153,False,0.46583403939657153,False
NOx,per_site,UCSD,severe_hyper_windows_per_day,518,0.0394102317383616,0.3717573358762141,0.1169770372915257,0.46583403939657153,False,0.46583403939657153,False
VOC,per_site,UW,normal_windows_per_day,711,0.0496963483286061,-0.7401638023118418,0.1172350531564482,0.46583403939657153,False,0.46583403939657153,False
VOC,per_site,UAB,moderate_hyper_windows_per_day,715,0.0395383086229196,0.872748294136422,0.1173528001613829,0.46583403939657153,False,0.46583403939657153,False
VOC,pooled,all,glucose_cv_ratio,1944,0.0453632744054777,0.014181569774945,0.1184624892514671,0.46583403939657153,False,0.46583403939657153,False
PM2.5,per_site,UAB,severe_hyper_fraction,715,0.05215612240485,0.0086928808447118,0.1232330852596826,0.46583403939657153,False,0.46583403939657153,False
PM2.5,per_site,UAB,moderate_hypo_fraction,715,0.0244333972974634,0.0010535899549571,0.1242003655712884,0.46583403939657153,False,0.46583403939657153,False
VOC,per_site,UW,normal_mean_glucose,707,0.1138905963038755,-7.632360015404179,0.1245031920894919,0.46583403939657153,False,0.46583403939657153,False
PM2.5,per_site,UAB,moderate_hyper_minutes_per_day,715,0.045799806312,10.98905644622027,0.1258234088048049,0.46583403939657153,False,0.46583403939657153,False
PM2.5,per_site,UAB,moderate_hypo_minutes_per_day,715,0.0233116917205411,1.4193654086609142,0.1261633856699048,0.46583403939657153,False,0.46583403939657153,False
PM2.5,per_site,UCSD,severe_hyper_mean_glucose,189,0.0992083735202454,2.6063035006143003,0.1374133865632649,0.5009500674711429,False,0.5009500674711429,False
PM2.5,pooled,all,glucose_mean,1944,0.0622407901709677,1.29866445523172,0.1413376450821219,0.5046303126635157,False,0.5046303126635157,False
PM2.5,per_site,UW,glucose_mean_daily_variance,711,0.0956443864223869,32.51803328301579,0.1419272754366138,0.5046303126635157,False,0.5046303126635157,False
VOC,pooled,all,moderate_hyper_windows_per_day,1944,0.0568439862114181,0.4980418604585001,0.1442833293819913,0.5056103456442207,False,0.5056103456442207,False
NOx,pooled,all,moderate_hyper_mean_glucose,1740,0.035649558920048,1.8706778498026635,0.1457140926682997,0.5056103456442207,False,0.5056103456442207,False
NOx,per_site,UAB,glucose_cv_ratio,715,0.0363358140742953,0.0165335315196729,0.1490653338083538,0.5110811444857845,False,0.5110811444857845,False
PM2.5,per_site,UCSD,moderate_hypo_windows_per_day,518,0.0245008744781977,0.0434078090740805,0.1542739485649882,0.51634447103197,False,0.51634447103197,False
NOx,pooled,all,severe_hypo_minutes_per_day,1944,0.0119104213461903,2.326044471050324,0.1549335369448054,0.51634447103197,False,0.51634447103197,False
VOC,per_site,UW,moderate_hyper_windows_per_day,711,0.1017702867601991,-0.8700567675798094,0.1584644004813157,0.51634447103197,False,0.51634447103197,False
NOx,per_site,UCSD,severe_hypo_mean_glucose,118,0.076275218107854,2.7434190093508186,0.1607777738800288,0.51634447103197,False,0.51634447103197,False
VOC,per_site,UCSD,moderate_hypo_mean_glucose,282,0.0494001841352473,1.532019130577087,0.1608807068357882,0.51634447103197,False,0.51634447103197,False
VOC,per_site,UAB,severe_hyper_fraction,715,0.0515920285423585,-0.054905731569423,0.1617505158941655,0.51634447103197,False,0.51634447103197,False
VOC,per_site,UAB,severe_hyper_minutes_per_day,715,0.0523449476939963,-66.16799407792544,0.1631505099441294,0.51634447103197,False,0.51634447103197,False
PM2.5,per_site,UCSD,severe_hyper_windows_per_day,518,0.0383394486044654,0.0582058576616586,0.1687333539428656,0.5282087601689706,False,0.5282087601689706,False
VOC,per_site,UW,moderate_hyper_mean_glucose,632,0.0874320208703001,-4.138147060146139,0.1744811275284793,0.5392376416483374,False,0.5392376416483374,False
VOC,per_site,UCSD,glucose_overall_variance,518,0.0466401123972476,402.9747585513453,0.1760011747046657,0.5392376416483374,False,0.5392376416483374,False
NOx,per_site,UCSD,moderate_hyper_mean_glucose,466,0.0303945172987757,4.005111662275034,0.1809336535218473,0.544572461196871,False,0.544572461196871,False
VOC,pooled,all,severe_hyper_minutes_per_day,1944,0.0410948467364291,-33.451720759707655,0.1821671732998077,0.544572461196871,False,0.544572461196871,False
PM2.5,per_site,UAB,moderate_hypo_windows_per_day,715,0.0249631404938037,0.0416008207103246,0.1841486054601895,0.544572461196871,False,0.544572461196871,False
PM2.5,per_site,UCSD,severe_hyper_minutes_per_day,518,0.0389076541326001,9.478519896626318,0.185803680459205,0.544572461196871,False,0.544572461196871,False
PM2.5,per_site,UCSD,normal_minutes_per_day,518,0.0461980494971292,-21.160617024337487,0.1890628618273492,0.544572461196871,False,0.544572461196871,False
VOC,pooled,all,severe_hyper_fraction,1944,0.0405406621548929,-0.0285036233861202,0.1890876601378024,0.544572461196871,False,0.544572461196871,False
PM2.5,pooled,all,moderate_hyper_windows_per_day,1944,0.0566223746325905,0.0633637800240738,0.1952058503422528,0.5566265831541466,False,0.5566265831541466,False
PM2.5,per_site,UAB,glucose_cv_ratio,715,0.0357569740315236,0.0028233359228557,0.1976103134399065,0.5579585320656184,False,0.5579585320656184,False
PM2.5,per_site,UAB,glucose_overall_variance,715,0.0501157168026021,51.226748313760034,0.2005735304199259,0.5608269588440646,False,0.5608269588440646,False
PM2.5,per_site,UW,severe_hyper_windows_per_day,711,0.0863774394370832,0.0342844835367869,0.2056853595641721,0.5695902264853997,False,0.5695902264853997,False
VOC,pooled,all,severe_hypo_fraction,1944,0.0088549138702337,0.0034574738534413,0.2111808360031467,0.5792388644657738,False,0.5792388644657738,False
NOx,per_site,UCSD,severe_hypo_windows_per_day,518,0.0480597796476545,0.0715276689952961,0.221565422998033,0.6019890738059764,False,0.6019890738059764,False
VOC,pooled,all,severe_hypo_minutes_per_day,1944,0.0116206815353332,2.55718495788955,0.2274563413883865,0.6080255294825586,False,0.6080255294825586,False
PM2.5,per_site,UAB,glucose_mean,715,0.0547608486651876,1.8256416039312,0.2280095735559595,0.6080255294825586,False,0.6080255294825586,False
VOC,per_site,UCSD,glucose_mean_daily_variance,518,0.048024894203336,282.8801937118202,0.2312197816270924,0.6109293312715836,False,0.6109293312715836,False
VOC,per_site,UAB,moderate_hypo_mean_glucose,448,0.0139648432869593,0.9795090113177628,0.234349444727643,0.6134151004951828,False,0.6134151004951828,False
PM2.5,per_site,UCSD,normal_fraction,518,0.0470402438119241,-0.0131280785492145,0.2364204033158517,0.6134151004951828,False,0.6134151004951828,False
VOC,per_site,UW,glucose_mean,711,0.1112102496846777,-12.388437356254896,0.2411899717691943,0.6202027845493567,False,0.6202027845493567,False
NOx,per_site,UCSD,glucose_cv_ratio,518,0.0573312164828506,0.0198336285627231,0.244075839286268,0.6220693957030548,False,0.6220693957030548,False
NOx,per_site,UCSD,severe_hyper_minutes_per_day,518,0.038102447798142,46.30270308687818,0.2492952933816971,0.6295957590035792,False,0.6295957590035792,False
NOx,per_site,UCSD,moderate_hypo_mean_glucose,282,0.0471031873080214,-1.3912820890194382,0.2514010843243459,0.6295957590035792,False,0.6295957590035792,False
NOx,per_site,UAB,normal_windows_per_day,715,0.0306681984059601,0.3523207157971464,0.2549626442967936,0.6330107030816945,False,0.6330107030816945,False
PM2.5,per_site,UCSD,severe_hyper_fraction,518,0.0509211335387808,0.0072585248107433,0.2572914989656672,0.6333329205308732,False,0.6333329205308732,False
PM2.5,per_site,UAB,severe_hypo_minutes_per_day,715,0.020381074927915,0.7122948078330401,0.2680891260672892,0.6543192229438922,False,0.6543192229438922,False
NOx,pooled,all,glucose_mean_daily_variance,1944,0.0518610798623307,100.56055234802744,0.2766937749800379,0.6644457321461481,False,0.6644457321461481,False
VOC,pooled,all,moderate_hypo_fraction,1944,0.009556874104194,0.0027846928174581,0.2768523883942284,0.6644457321461481,False,0.6644457321461481,False
VOC,pooled,all,moderate_hypo_windows_per_day,1944,0.0098965236702437,0.1273686516641593,0.2812349277163501,0.6693856130769325,False,0.6693856130769325,False
VOC,per_site,UAB,severe_hypo_windows_per_day,715,0.0254985752394514,0.1004211803400505,0.2958320255975232,0.6766878688427395,False,0.6766878688427395,False
PM2.5,per_site,UAB,moderate_hyper_windows_per_day,715,0.0376365796977068,0.0826263320162244,0.302597064800242,0.6766878688427395,False,0.6766878688427395,False
NOx,per_site,UW,normal_mean_glucose,707,0.1122337790808076,-3.3774739012839,0.3026693241431047,0.6766878688427395,False,0.6766878688427395,False
NOx,per_site,UAB,moderate_hypo_minutes_per_day,715,0.0215337989649394,5.002870455074874,0.3028802067742653,0.6766878688427395,False,0.6766878688427395,False
VOC,per_site,UCSD,normal_fraction,518,0.0463692131684499,-0.0646591007662282,0.3064331135717564,0.6766878688427395,False,0.6766878688427395,False
VOC,per_site,UCSD,normal_minutes_per_day,518,0.0448749379665867,-92.98531729814565,0.3115337544234745,0.6766878688427395,False,0.6766878688427395,False
VOC,pooled,all,severe_hypo_windows_per_day,1944,0.0141888314506721,0.0459664645026711,0.3122125661342171,0.6766878688427395,False,0.6766878688427395,False
NOx,pooled,all,severe_hypo_windows_per_day,1944,0.014187044837216,0.0354218271095629,0.3130432735783664,0.6766878688427395,False,0.6766878688427395,False
VOC,per_site,UW,moderate_hyper_minutes_per_day,711,0.106396655361223,-57.23461906756646,0.3151490496895509,0.6766878688427395,False,0.6766878688427395,False
VOC,per_site,UAB,moderate_hyper_minutes_per_day,715,0.0439740315048822,49.9746111841347,0.3172122772532612,0.6766878688427395,False,0.6766878688427395,False
NOx,per_site,UW,glucose_cv_ratio,711,0.0621838917525543,0.0101745328399697,0.3181146938742253,0.6766878688427395,False,0.6766878688427395,False
NOx,per_site,UAB,moderate_hypo_fraction,715,0.0225254207460248,0.003569656777294,0.3195092924466413,0.6766878688427395,False,0.6766878688427395,False
NOx,per_site,UAB,moderate_hypo_windows_per_day,715,0.0238836819201051,0.1627586447069726,0.3205952195901944,0.6766878688427395,False,0.6766878688427395,False
VOC,per_site,UAB,moderate_hyper_fraction,715,0.0448797586533894,0.034554072360809,0.3225218052415183,0.6766878688427395,False,0.6766878688427395,False
NOx,per_site,UAB,moderate_hyper_mean_glucose,642,0.0386018127272658,1.9668265042140047,0.3266323009221599,0.6766878688427395,False,0.6766878688427395,False
VOC,pooled,all,moderate_hyper_fraction,1944,0.0631572795910708,0.0208804954724102,0.3274008252281166,0.6766878688427395,False,0.6766878688427395,False
VOC,pooled,all,moderate_hypo_minutes_per_day,1944,0.008916300372328,3.4550324655700577,0.3287535928732388,0.6766878688427395,False,0.6766878688427395,False
VOC,pooled,all,moderate_hyper_minutes_per_day,1944,0.0627063683915869,29.69148721445801,0.3298361789264921,0.6766878688427395,False,0.6766878688427395,False
NOx,pooled,all,moderate_hyper_windows_per_day,1944,0.0562663434427496,0.2565647939814763,0.3299555099571356,0.6766878688427395,False,0.6766878688427395,False
VOC,per_site,UAB,severe_hypo_minutes_per_day,715,0.0199803423445569,4.336635608267597,0.3324874466616239,0.6766878688427395,False,0.6766878688427395,False
VOC,per_site,UAB,moderate_hypo_windows_per_day,715,0.0238038113957205,0.2101003196898244,0.3351132614863843,0.6766878688427395,False,0.6766878688427395,False
VOC,per_site,UW,moderate_hyper_fraction,711,0.1063198125943027,-0.0383247328604647,0.3359943237656658,0.6766878688427395,False,0.6766878688427395,False
VOC,per_site,UAB,severe_hypo_fraction,715,0.0168809342116665,0.0061604960906459,0.3397254056664288,0.6794508113328576,False,0.6794508113328576,False
NOx,per_site,UW,moderate_hypo_windows_per_day,711,0.0276972161547613,0.1254467001121408,0.3463437739365729,0.6846920469644542,False,0.6846920469644542,False
NOx,per_site,UW,severe_hypo_windows_per_day,711,0.0189925148009558,0.0330158079217933,0.3482450731598216,0.6846920469644542,False,0.6846920469644542,False
PM2.5,per_site,UCSD,moderate_hypo_mean_glucose,282,0.0455456394522032,-0.18106141308196,0.3494782323047735,0.6846920469644542,False,0.6846920469644542,False
PM2.5,per_site,UW,normal_windows_per_day,711,0.0475044458743224,0.0541878722509069,0.3580787032261219,0.693984950898834,False,0.693984950898834,False
PM2.5,per_site,UAB,severe_hypo_windows_per_day,715,0.0251494354785069,0.0126657524968175,0.3590408252914107,0.693984950898834,False,0.693984950898834,False
PM2.5,per_site,UW,glucose_cv_ratio,711,0.061956619983325,0.0017527383546704,0.3630176174597175,0.6943551510998649,False,0.6943551510998649,False
NOx,per_site,UCSD,moderate_hypo_windows_per_day,518,0.0221696578994911,-0.1551297553836829,0.3643375044108124,0.6943551510998649,False,0.6943551510998649,False
PM2.5,per_site,UW,severe_hyper_mean_glucose,243,0.1152573071157551,1.1341675831560103,0.3664652186360398,0.6943551510998649,False,0.6943551510998649,False
PM2.5,per_site,UAB,severe_hypo_fraction,715,0.0167283550026426,0.0008309290690962,0.3703623693595563,0.6968884802535369,False,0.6968884802535369,False
VOC,pooled,all,severe_hypo_mean_glucose,597,0.0259479804209781,0.6644005205758238,0.3727513777763953,0.6968884802535369,False,0.6968884802535369,False
NOx,per_site,UW,severe_hypo_minutes_per_day,711,0.0162927024628435,0.9118848190779304,0.3750615084697855,0.6968884802535369,False,0.6968884802535369,False
NOx,per_site,UCSD,severe_hyper_fraction,518,0.0499377180178671,0.0313348755443561,0.3834053413862878,0.7078252456362236,False,0.7078252456362236,False
NOx,per_site,UW,severe_hypo_fraction,711,0.0163133840201377,0.0006326251024523,0.3869166601213404,0.7097579497767265,False,0.7097579497767265,False
VOC,per_site,UAB,moderate_hypo_fraction,715,0.0221259771821875,0.0040023992565963,0.4014639460391684,0.731782382653674,False,0.731782382653674,False
VOC,per_site,UCSD,normal_mean_glucose,516,0.0660576449078775,4.228887165843747,0.4112659701983452,0.7438857696299515,False,0.7438857696299515,False
PM2.5,per_site,UAB,normal_windows_per_day,715,0.0298033065555595,0.0484268081703502,0.4132698720166397,0.7438857696299515,False,0.7438857696299515,False
VOC,per_site,UW,normal_minutes_per_day,711,0.0942747266374095,69.71795986741107,0.423027624520828,0.7550403752069867,False,0.7550403752069867,False
VOC,pooled,all,moderate_hyper_mean_glucose,1740,0.0348155763576351,1.3237539902634765,0.4298475566474722,0.7550403752069867,False,0.7550403752069867,False
VOC,per_site,UW,normal_fraction,711,0.0968807029151873,0.0474728936985299,0.4305464077753995,0.7550403752069867,False,0.7550403752069867,False
NOx,pooled,all,glucose_overall_variance,1944,0.0520949947515239,94.38812652105658,0.4319954266303401,0.7550403752069867,False,0.7550403752069867,False
NOx,pooled,all,severe_hypo_fraction,1944,0.0083663608394886,0.0016693776402783,0.4342324116493904,0.7550403752069867,False,0.7550403752069867,False
PM2.5,per_site,UW,normal_minutes_per_day,711,0.0942281250312325,-8.448091629395442,0.4363166370996043,0.7550403752069867,False,0.7550403752069867,False
VOC,per_site,UAB,severe_hyper_windows_per_day,715,0.0354487192391358,-0.1788319102736131,0.4378185509012736,0.7550403752069867,False,0.7550403752069867,False
VOC,pooled,all,glucose_mean,1944,0.0614789789161177,-4.750133836498463,0.4405415603990803,0.7552141035412805,False,0.7552141035412805,False
VOC,per_site,UW,moderate_hypo_windows_per_day,711,0.0272657340836605,0.1533957349977892,0.4475296137637446,0.7576316559491838,False,0.7576316559491838,False
NOx,per_site,UW,moderate_hypo_mean_glucose,420,0.0186840601579125,-0.6576375869100168,0.447856855026406,0.7576316559491838,False,0.7576316559491838,False
PM2.5,per_site,UW,severe_hyper_minutes_per_day,711,0.0617754287689752,3.560711936781115,0.4498437957198279,0.7576316559491838,False,0.7576316559491838,False
PM2.5,pooled,all,moderate_hypo_mean_glucose,1150,0.0104886915361831,0.0615261392123667,0.4625286419011493,0.7667636580448243,False,0.7667636580448243,False
NOx,pooled,all,normal_minutes_per_day,1944,0.0632079789094648,-28.50222564098297,0.4670813821241496,0.7667636580448243,False,0.7667636580448243,False
NOx,pooled,all,moderate_hypo_windows_per_day,1944,0.0095662591051927,0.0656078728173019,0.472150868035543,0.7667636580448243,False,0.7667636580448243,False
VOC,per_site,UW,moderate_hypo_minutes_per_day,711,0.0250328979473509,4.476962716719954,0.4734297673671407,0.7667636580448243,False,0.7667636580448243,False
NOx,per_site,UW,severe_hyper_mean_glucose,243,0.1140714082331462,4.47832565185025,0.4765005278623161,0.7667636580448243,False,0.7667636580448243,False
VOC,per_site,UAB,glucose_overall_variance,715,0.0485720132143118,-196.4593860450628,0.4806217120260168,0.7667636580448243,False,0.7667636580448243,False
VOC,per_site,UAB,moderate_hypo_minutes_per_day,715,0.0207436154145759,4.542470359555385,0.481980859508683,0.7667636580448243,False,0.7667636580448243,False
VOC,per_site,UW,moderate_hypo_fraction,711,0.0250585105140211,0.0030959312351582,0.4822458470034582,0.7667636580448243,False,0.7667636580448243,False
NOx,per_site,UAB,severe_hyper_fraction,715,0.0496110668222548,-0.0207027731395346,0.4830429257678723,0.7667636580448243,False,0.7667636580448243,False
NOx,pooled,all,normal_fraction,1944,0.0624261874494418,-0.0189352984080942,0.4839985837940385,0.7667636580448243,False,0.7667636580448243,False
PM2.5,per_site,UCSD,normal_mean_glucose,516,0.0657115734143635,-0.6318418803414865,0.4845520339033264,0.7667636580448243,False,0.7667636580448243,False
NOx,per_site,UAB,severe_hyper_minutes_per_day,715,0.050348852686271,-24.37893766701333,0.4945448874462478,0.7732626923062299,False,0.7732626923062299,False
PM2.5,per_site,UW,severe_hypo_mean_glucose,215,0.0880795688560088,-0.1386586452504202,0.4953225372395805,0.7732626923062299,False,0.7732626923062299,False
PM2.5,per_site,UW,normal_fraction,711,0.0966745863393948,-0.0051052857831886,0.4967138822105991,0.7732626923062299,False,0.7732626923062299,False
NOx,per_site,UW,glucose_mean,711,0.110030300336837,-4.663050309346258,0.503802375492433,0.7800810975366704,False,0.7800810975366704,False
NOx,pooled,all,moderate_hypo_minutes_per_day,1944,0.0086446838194802,1.779428751541004,0.51468695383996,0.788906611413,False,0.788906611413,False
NOx,per_site,UAB,severe_hypo_mean_glucose,264,0.0331790913185269,-0.6112678789189032,0.5161863404333188,0.788906611413,False,0.788906611413,False
NOx,per_site,UCSD,moderate_hypo_fraction,518,0.0249763858780591,-0.0022696535527874,0.5196420206610921,0.788906611413,False,0.788906611413,False
NOx,per_site,UCSD,moderate_hypo_minutes_per_day,518,0.0247399339404161,-3.223677956088759,0.5213905994581127,0.788906611413,False,0.788906611413,False
PM2.5,per_site,UAB,moderate_hypo_mean_glucose,448,0.0116492128289271,0.076099125463691,0.5308705748597531,0.788906611413,False,0.788906611413,False
NOx,pooled,all,severe_hyper_fraction,1944,0.0398757802752548,-0.010420183576469,0.5340428574592295,0.788906611413,False,0.788906611413,False
VOC,per_site,UCSD,severe_hypo_fraction,518,0.0568732909575803,0.0018283648915102,0.5348329751481667,0.788906611413,False,0.788906611413,False
NOx,per_site,UCSD,severe_hyper_mean_glucose,189,0.0898456306654216,5.711771800275176,0.5367382201161855,0.788906611413,False,0.788906611413,False
NOx,pooled,all,moderate_hypo_fraction,1944,0.0091449501268007,0.0012176234190759,0.5379592055988377,0.788906611413,False,0.788906611413,False
VOC,per_site,UAB,glucose_cv_ratio,715,0.0339960828423745,0.0093797577390596,0.5385579210591672,0.788906611413,False,0.788906611413,False
NOx,per_site,UAB,severe_hypo_windows_per_day,715,0.0245039099171163,0.0443056057570315,0.5396340362790313,0.788906611413,False,0.788906611413,False
PM2.5,per_site,UCSD,normal_windows_per_day,518,0.0582118396693398,0.0495740708007378,0.5507011139903756,0.801019802167819,False,0.801019802167819,False
NOx,per_site,UW,normal_windows_per_day,711,0.0468217835922976,0.1829999345230123,0.5574274311370583,0.8043209013897152,False,0.8043209013897152,False
VOC,per_site,UCSD,severe_hypo_minutes_per_day,518,0.0561270101402575,2.07277130626218,0.5609517452666495,0.8043209013897152,False,0.8043209013897152,False
NOx,per_site,UW,severe_hyper_fraction,711,0.0691438132530064,-0.0135909365145036,0.5613489624282387,0.8043209013897152,False,0.8043209013897152,False
VOC,per_site,UAB,glucose_mean_daily_variance,715,0.0425560947384533,-120.3307684963399,0.5675790859658796,0.8085354576204957,False,0.8085354576204957,False
VOC,per_site,UCSD,moderate_hypo_minutes_per_day,518,0.0245565638206204,2.873004282534009,0.5739575154096271,0.8085354576204957,False,0.8085354576204957,False
VOC,per_site,UAB,normal_mean_glucose,710,0.0417078253638116,2.3462670710513702,0.5786426592334051,0.8085354576204957,False,0.8085354576204957,False
VOC,per_site,UW,severe_hypo_windows_per_day,711,0.0181892050080697,0.0296227013454271,0.5788482663998072,0.8085354576204957,False,0.8085354576204957,False
NOx,pooled,all,severe_hyper_minutes_per_day,1944,0.040363836213073,-10.743112371136762,0.5789357490144178,0.8085354576204957,False,0.8085354576204957,False
VOC,per_site,UCSD,moderate_hypo_fraction,518,0.0247552820020294,0.0019622831717626,0.5838914462456074,0.8085354576204957,False,0.8085354576204957,False
NOx,per_site,UW,severe_hyper_minutes_per_day,711,0.061409079445455,-13.615090742331372,0.5849157275847212,0.8085354576204957,False,0.8085354576204957,False
NOx,per_site,UW,moderate_hypo_minutes_per_day,711,0.0247277342054911,2.239038982734534,0.5868035072657433,0.8085354576204957,False,0.8085354576204957,False
NOx,per_site,UW,moderate_hypo_fraction,711,0.0247754869472209,0.0015680489502322,0.5895571045149448,0.8085354576204957,False,0.8085354576204957,False
VOC,per_site,UAB,glucose_mean,715,0.0531847106670908,-5.605258548806123,0.5948541144996391,0.8119335780848155,False,0.8119335780848155,False
VOC,per_site,UW,moderate_hypo_mean_glucose,420,0.0179642509209796,0.6980164159740572,0.5984946368628871,0.812088882071085,False,0.812088882071085,False
PM2.5,per_site,UW,severe_hyper_fraction,711,0.069058424170342,0.0023126768558778,0.6011251596633034,0.812088882071085,False,0.812088882071085,False
PM2.5,per_site,UW,normal_mean_glucose,707,0.1112196118867777,-0.3221536337809908,0.6036908216856396,0.812088882071085,False,0.812088882071085,False
NOx,per_site,UAB,moderate_hyper_minutes_per_day,715,0.0429684300307867,19.22671234638476,0.6088414742275672,0.812088882071085,False,0.812088882071085,False
NOx,per_site,UAB,severe_hypo_minutes_per_day,715,0.019034156829051,1.719940825745479,0.6092521748901594,0.812088882071085,False,0.812088882071085,False
NOx,per_site,UAB,moderate_hyper_fraction,715,0.0438986351926631,0.0133264246849464,0.6118864146160605,0.812088882071085,False,0.812088882071085,False
NOx,pooled,all,normal_mean_glucose,1933,0.0589629071484113,1.0043094699915966,0.6260162020686161,0.82632567612919,False,0.82632567612919,False
NOx,per_site,UAB,glucose_mean,715,0.053116488853432,-3.818342720120164,0.6298891507339233,0.82632567612919,False,0.82632567612919,False
PM2.5,per_site,UW,moderate_hyper_mean_glucose,632,0.0850519662700801,0.1863768019145233,0.6312210025986867,0.82632567612919,False,0.82632567612919,False
VOC,per_site,UCSD,glucose_mean,518,0.0500985375446956,5.322319481291723,0.6390039996345259,0.8327291940938618,False,0.8327291940938618,False
NOx,per_site,UW,moderate_hyper_minutes_per_day,711,0.1053428902377517,16.2053538376237,0.6664652876329255,0.86460361638866,False,0.86460361638866,False
PM2.5,per_site,UW,moderate_hypo_mean_glucose,420,0.017725057750194,0.0668251332374695,0.673071662032705,0.8668771809346529,False,0.8668771809346529,False
NOx,pooled,all,severe_hyper_mean_glucose,728,0.068523524629644,-1.5670376828894712,0.6767674849171822,0.8668771809346529,False,0.8668771809346529,False
VOC,per_site,UW,severe_hypo_minutes_per_day,711,0.0154205191943239,0.6384842086200662,0.6820832082622243,0.8668771809346529,False,0.8668771809346529,False
VOC,per_site,UW,glucose_overall_variance,711,0.0907320862924783,93.06985872616885,0.6834560018668668,0.8668771809346529,False,0.8668771809346529,False
PM2.5,per_site,UCSD,moderate_hyper_fraction,518,0.0575386487300487,0.0027238615158845,0.6878163441212499,0.8668771809346529,False,0.8668771809346529,False
NOx,per_site,UW,moderate_hyper_mean_glucose,632,0.0849481654864734,0.8357196595756591,0.6890365247107858,0.8668771809346529,False,0.8668771809346529,False
NOx,per_site,UW,moderate_hyper_fraction,711,0.1053368172949021,0.0104403399534962,0.6912188316718662,0.8668771809346529,False,0.8668771809346529,False
VOC,per_site,UW,severe_hypo_fraction,711,0.0154710845430344,0.000430455453055,0.6978077659467852,0.8668771809346529,False,0.8668771809346529,False
NOx,per_site,UW,glucose_overall_variance,711,0.0907112267747415,58.362603169640906,0.6983086794607766,0.8668771809346529,False,0.8668771809346529,False
PM2.5,per_site,UCSD,glucose_mean,518,0.0499673288200837,0.7714351821937314,0.6983177290862482,0.8668771809346529,False,0.8668771809346529,False
VOC,per_site,UCSD,severe_hyper_mean_glucose,189,0.0885765075706292,-3.704749245099784,0.7126174561993296,0.873389249417966,False,0.873389249417966,False
NOx,pooled,all,moderate_hypo_mean_glucose,1150,0.0101369373169337,-0.1751214586866566,0.7128177648638268,0.873389249417966,False,0.873389249417966,False
PM2.5,per_site,UCSD,moderate_hyper_minutes_per_day,518,0.0580479157305898,3.466360736931658,0.7197929891322418,0.873389249417966,False,0.873389249417966,False
VOC,per_site,UW,severe_hyper_fraction,711,0.0688643029185669,-0.0126745475262796,0.7208652630652502,0.873389249417966,False,0.873389249417966,False
PM2.5,per_site,UW,severe_hypo_fraction,711,0.0154376597581813,-4.928222019796649e-05,0.7215118040068322,0.873389249417966,False,0.873389249417966,False
PM2.5,per_site,UW,moderate_hyper_fraction,711,0.1052971673091732,0.0017696234759508,0.7217591713940136,0.873389249417966,False,0.873389249417966,False
PM2.5,per_site,UW,severe_hypo_minutes_per_day,711,0.0153536808451935,-0.0674466453535616,0.7286291683496869,0.8765463252759578,False,0.8765463252759578,False
PM2.5,per_site,UAB,normal_mean_glucose,710,0.041447106878068,0.2112484593291,0.7304552710632982,0.8765463252759578,False,0.8765463252759578,False
VOC,per_site,UW,severe_hyper_minutes_per_day,711,0.0611558363234876,-12.528082190441086,0.7402393914229439,0.8846014304141404,False,0.8846014304141404,False
NOx,per_site,UAB,moderate_hyper_windows_per_day,715,0.0363220170094247,0.135081437319832,0.7473492413480202,0.8894073616042554,False,0.8894073616042554,False
NOx,per_site,UW,severe_hyper_windows_per_day,711,0.0844095038404474,-0.045018847634417,0.7535254497356931,0.8930671996867474,False,0.8930671996867474,False
NOx,per_site,UAB,normal_mean_glucose,710,0.041393055290687,-0.8949847072661982,0.7781611933367972,0.9184853429549082,False,0.9184853429549082,False
VOC,per_site,UW,glucose_mean_daily_variance,711,0.092921525389487,42.42978108529434,0.8112502614990103,0.9379083567207765,False,0.9379083567207765,False
PM2.5,per_site,UW,moderate_hyper_minutes_per_day,711,0.1051772339391995,1.6888247203173683,0.8122120306498815,0.9379083567207765,False,0.9379083567207765,False
PM2.5,per_site,UW,severe_hypo_windows_per_day,711,0.0178322581434112,0.0015496623437127,0.8159099348957403,0.9379083567207765,False,0.9379083567207765,False
PM2.5,pooled,all,normal_mean_glucose,1933,0.0588724911701619,-0.088633860124199,0.8179451493065312,0.9379083567207765,False,0.9379083567207765,False
NOx,per_site,UAB,severe_hypo_fraction,715,0.0156741299375712,0.0010813514623377,0.8236581028840455,0.9379083567207765,False,0.9379083567207765,False
NOx,pooled,all,severe_hyper_windows_per_day,1944,0.0437123906334787,0.0223774576808605,0.8258154839524058,0.9379083567207765,False,0.9379083567207765,False
NOx,per_site,UAB,glucose_mean_daily_variance,715,0.0421758909633561,34.61787920042539,0.8268644671879374,0.9379083567207765,False,0.9379083567207765,False
NOx,per_site,UAB,glucose_overall_variance,715,0.0479611060945855,-45.175333737713686,0.8292239566742805,0.9379083567207765,False,0.9379083567207765,False
PM2.5,pooled,all,severe_hypo_mean_glucose,597,0.024700167634757,-0.0227554662783989,0.8298583223127332,0.9379083567207765,False,0.9379083567207765,False
NOx,per_site,UAB,moderate_hypo_mean_glucose,448,0.0108554966076436,0.1377643993023038,0.8354856555523077,0.9379083567207765,False,0.9379083567207765,False
VOC,pooled,all,glucose_overall_variance,1944,0.0518128695442432,32.14480322242264,0.8363564874906713,0.9379083567207765,False,0.9379083567207765,False
PM2.5,per_site,UCSD,moderate_hyper_windows_per_day,518,0.057880884624768,0.0229623522978887,0.8390500578904384,0.9379083567207765,False,0.9379083567207765,False
PM2.5,per_site,UCSD,severe_hypo_mean_glucose,118,0.0592574744677425,-0.0644402433688783,0.839684753379738,0.9379083567207765,False,0.9379083567207765,False
NOx,per_site,UW,severe_hypo_mean_glucose,215,0.0861628216958082,0.2575567902621943,0.8419540451090279,0.9379083567207765,False,0.9379083567207765,False
PM2.5,per_site,UAB,glucose_mean_daily_variance,715,0.0421638252159651,5.975713962997091,0.8434661958009761,0.9379083567207765,False,0.9379083567207765,False
PM2.5,per_site,UAB,severe_hyper_mean_glucose,296,0.108696678744328,-0.1995824879657632,0.8523951358059935,0.9441915350466389,False,0.9441915350466389,False
VOC,pooled,all,glucose_mean_daily_variance,1944,0.0512961529683352,21.679612451733178,0.8563690421907603,0.9449589431070458,False,0.9449589431070458,False
VOC,pooled,all,severe_hyper_windows_per_day,1944,0.0437035588588473,0.0230401492569983,0.8611510209700028,0.946608755875423,False,0.946608755875423,False
VOC,per_site,UAB,normal_fraction,715,0.0588261586677526,0.0101887638613684,0.8657657047074739,0.9480628249268156,False,0.9480628249268156,False
NOx,pooled,all,severe_hypo_mean_glucose,597,0.024664025354217,0.1091581599146264,0.8755815356476295,0.9521956116857752,False,0.9521956116857752,False
VOC,per_site,UCSD,severe_hypo_windows_per_day,518,0.0452876606575187,-0.0092753911533787,0.876152212141425,0.9521956116857752,False,0.9521956116857752,False
PM2.5,per_site,UW,glucose_mean,711,0.1094833455165571,-0.1758023209040831,0.8939605976079831,0.9620327290449983,False,0.9620327290449983,False
NOx,per_site,UW,glucose_mean_daily_variance,711,0.0928704588209865,15.597101638860067,0.8941342353575809,0.9620327290449983,False,0.9620327290449983,False
VOC,per_site,UCSD,severe_hyper_minutes_per_day,518,0.0356066471644608,5.383037438138162,0.8952249006390957,0.9620327290449983,False,0.9620327290449983,False
VOC,per_site,UW,severe_hyper_mean_glucose,243,0.1121668287342038,1.088967363643597,0.9132761809875134,0.9754238761560009,False,0.9754238761560009,False
VOC,per_site,UAB,severe_hypo_mean_glucose,264,0.031600228060286,-0.0994374219155318,0.915982563479958,0.9754238761560009,False,0.9754238761560009,False
NOx,per_site,UAB,severe_hyper_windows_per_day,715,0.0346362507296932,-0.0177649453729314,0.9183581618517948,0.9754238761560009,False,0.9754238761560009,False
PM2.5,per_site,UW,moderate_hyper_windows_per_day,711,0.0992217482386776,0.007613513294986,0.9212336608140008,0.9754238761560009,False,0.9754238761560009,False
VOC,per_site,UW,glucose_cv_ratio,711,0.0608550191700583,-0.0013488433345057,0.9304510557653398,0.9809472656855738,False,0.9809472656855738,False
NOx,pooled,all,glucose_mean,1944,0.0611932293668754,0.3943929068145291,0.9338897610962772,0.9809472656855738,False,0.9809472656855738,False
VOC,per_site,UW,severe_hyper_windows_per_day,711,0.0842885372797187,-0.017270080991556,0.9366683960539334,0.9809472656855738,False,0.9809472656855738,False
VOC,pooled,all,normal_mean_glucose,1933,0.0588492649408436,-0.199719787991729,0.9403947781849604,0.981281507671263,False,0.981281507671263,False
VOC,pooled,all,normal_minutes_per_day,1944,0.0629534822189391,-3.296981287687302,0.9482281376802736,0.982108803503924,False,0.982108803503924,False
NOx,per_site,UAB,normal_minutes_per_day,715,0.0620528152681678,4.027009534270226,0.9510019601974132,0.982108803503924,False,0.982108803503924,False
NOx,per_site,UAB,normal_fraction,715,0.0587927219739625,0.0027253402149562,0.9520409150656658,0.982108803503924,False,0.982108803503924,False
VOC,per_site,UCSD,moderate_hypo_windows_per_day,518,0.020582137684748,0.0093084135063854,0.957306356806906,0.982108803503924,False,0.982108803503924,False
PM2.5,per_site,UAB,severe_hypo_mean_glucose,264,0.0315679324756257,0.0075096536659116,0.9582381034187591,0.982108803503924,False,0.982108803503924,False
NOx,per_site,UW,moderate_hyper_windows_per_day,711,0.0992115974742735,-0.0177805397805091,0.965177627078978,0.9822142039887319,False,0.9822142039887319,False
VOC,per_site,UCSD,severe_hyper_fraction,518,0.0485117667154406,-0.0014695336072252,0.967929588190912,0.9822142039887319,False,0.9822142039887319,False
VOC,pooled,all,normal_fraction,1944,0.0621891365295106,0.0013809612428087,0.968572340044444,0.9822142039887319,False,0.9822142039887319,False
VOC,per_site,UAB,moderate_hyper_mean_glucose,642,0.0371324614142291,0.0808911662716613,0.9768452495443372,0.9837233902024664,False,0.9837233902024664,False
VOC,per_site,UAB,normal_minutes_per_day,715,0.0620487808332289,2.3940610092823618,0.9780901204998472,0.9837233902024664,False,0.9837233902024664,False
NOx,per_site,UW,normal_fraction,711,0.0960777175469077,0.0009499225083225,0.9809286012210552,0.9837233902024664,False,0.9837233902024664,False
NOx,per_site,UW,normal_minutes_per_day,711,0.0934425652671003,1.17138165778317,0.9837233902024664,0.9837233902024664,False,0.9837233902024664,False
