exposure,outcome,adjustment,exposure_label,outcome_label,family,scale,sd_unit,n,estimate,ci_lo,ci_hi,p,q,note
cesd_total,abn_kidney,unadjusted,CES-D-10 total (0-30),Kidney abnormal (ACR >= 30 mg/g),binomial,per 1 SD,5.091068389733732,2222,0.9508,0.8405,1.0755,0.42195834742522387,,
cesd_total,abn_kidney,damage,CES-D-10 total (0-30),Kidney abnormal (ACR >= 30 mg/g),binomial,per 1 SD,5.091068389733732,2222,0.9451,0.8284,1.0784,0.401667209735855,0.8509307711957826,
cesd_total,abn_kidney,damage+hba1c,CES-D-10 total (0-30),Kidney abnormal (ACR >= 30 mg/g),binomial,per 1 SD,5.091068389733732,2200,0.9171,0.8004,1.0508,0.21258347499095398,,
cesd_total,abn_heart,unadjusted,CES-D-10 total (0-30),Heart abnormal (hs-cTnT >= 14 ng/L),binomial,per 1 SD,5.091068389733732,2230,0.8965,0.8028,1.0012,0.052434300232433624,,
cesd_total,abn_heart,damage,CES-D-10 total (0-30),Heart abnormal (hs-cTnT >= 14 ng/L),binomial,per 1 SD,5.091068389733732,2230,0.9562,0.8428,1.0848,0.4864262849073072,0.8509307711957826,
cesd_total,abn_heart,damage+hba1c,CES-D-10 total (0-30),Heart abnormal (hs-cTnT >= 14 ng/L),binomial,per 1 SD,5.091068389733732,2208,0.9399,0.8263,1.069,0.3451585380809652,,
cesd_total,abn_nerve,unadjusted,CES-D-10 total (0-30),Nerve abnormal (>= 2 insensate sites),binomial,per 1 SD,5.091068389733732,2265,1.0783,0.9632,1.207,0.19042590909786938,,
cesd_total,abn_nerve,damage,CES-D-10 total (0-30),Nerve abnormal (>= 2 insensate sites),binomial,per 1 SD,5.091068389733732,2265,1.2175,1.0768,1.3766,0.0016795136669682106,0.02687221867149137,
cesd_total,abn_nerve,damage+hba1c,CES-D-10 total (0-30),Nerve abnormal (>= 2 insensate sites),binomial,per 1 SD,5.091068389733732,2200,1.1852,1.0419,1.3481,0.009740433340012289,,
cesd_total,abn_any,unadjusted,CES-D-10 total (0-30),Any of the three organs abnormal,binomial,per 1 SD,5.091068389733732,2213,0.951,0.8693,1.0404,0.27329831243104297,,
cesd_total,abn_any,damage,CES-D-10 total (0-30),Any of the three organs abnormal,binomial,per 1 SD,5.091068389733732,2213,1.0144,0.9166,1.1225,0.782662503821516,0.8509307711957826,
cesd_total,abn_any,damage+hba1c,CES-D-10 total (0-30),Any of the three organs abnormal,binomial,per 1 SD,5.091068389733732,2193,1.0105,0.9116,1.12,0.84285025003317,,
cesd_total,abn_multi,unadjusted,CES-D-10 total (0-30),Two or more organs abnormal,binomial,per 1 SD,5.091068389733732,2213,0.911,0.7923,1.0475,0.19082208117976984,,
cesd_total,abn_multi,damage,CES-D-10 total (0-30),Two or more organs abnormal,binomial,per 1 SD,5.091068389733732,2213,0.9902,0.8463,1.1586,0.9022276021797893,0.9022276021797893,
cesd_total,abn_multi,damage+hba1c,CES-D-10 total (0-30),Two or more organs abnormal,binomial,per 1 SD,5.091068389733732,2193,0.9707,0.8266,1.14,0.7171632447233389,,
cesd_total,log_acr,unadjusted,CES-D-10 total (0-30),log urine ACR (mg/g),gaussian,per 1 SD,5.091068389733732,2222,0.0187,-0.0622,0.0996,0.6502458767783861,,
cesd_total,log_acr,damage,CES-D-10 total (0-30),log urine ACR (mg/g),gaussian,per 1 SD,5.091068389733732,2222,0.0244,-0.0572,0.1059,0.558183415142487,0.8509307711957826,
cesd_total,log_acr,damage+hba1c,CES-D-10 total (0-30),log urine ACR (mg/g),gaussian,per 1 SD,5.091068389733732,2200,0.0114,-0.0699,0.0927,0.783303398861571,,
cesd_total,log_troponin,unadjusted,CES-D-10 total (0-30),log hs-cTnT (ng/L),gaussian,per 1 SD,5.091068389733732,2230,-0.0211,-0.0441,0.0019,0.07253937942150157,,
cesd_total,log_troponin,damage,CES-D-10 total (0-30),log hs-cTnT (ng/L),gaussian,per 1 SD,5.091068389733732,2230,0.0034,-0.0176,0.0244,0.750187408602512,0.8509307711957826,
cesd_total,log_troponin,damage+hba1c,CES-D-10 total (0-30),log hs-cTnT (ng/L),gaussian,per 1 SD,5.091068389733732,2208,-0.0015,-0.0222,0.0193,0.8897088751324251,,
cesd_total,monofilament_missed,unadjusted,CES-D-10 total (0-30),"Insensate sites, worse foot (0-10)",gaussian,per 1 SD,5.091068389733732,2265,0.0564,-0.0237,0.1364,0.1672485718203456,,
cesd_total,monofilament_missed,damage,CES-D-10 total (0-30),"Insensate sites, worse foot (0-10)",gaussian,per 1 SD,5.091068389733732,2265,0.1133,0.0332,0.1934,0.005591818612492045,0.04387599451835172,
cesd_total,monofilament_missed,damage+hba1c,CES-D-10 total (0-30),"Insensate sites, worse foot (0-10)",gaussian,per 1 SD,5.091068389733732,2200,0.0848,0.0031,0.1664,0.04203187177456972,,
cesd_positive,abn_kidney,unadjusted,CES-D-10 screen-positive (>= 10),Kidney abnormal (ACR >= 30 mg/g),binomial,yes vs no,,2222,0.9525,0.7036,1.2895,0.7529622640738804,,
cesd_positive,abn_kidney,damage,CES-D-10 screen-positive (>= 10),Kidney abnormal (ACR >= 30 mg/g),binomial,yes vs no,,2222,0.9193,0.6683,1.2644,0.6047911898912429,0.8509307711957826,
cesd_positive,abn_kidney,damage+hba1c,CES-D-10 screen-positive (>= 10),Kidney abnormal (ACR >= 30 mg/g),binomial,yes vs no,,2200,0.8399,0.6024,1.1711,0.3037037861303242,,
cesd_positive,abn_heart,unadjusted,CES-D-10 screen-positive (>= 10),Heart abnormal (hs-cTnT >= 14 ng/L),binomial,yes vs no,,2230,0.8798,0.6727,1.1506,0.34961428685568896,,
cesd_positive,abn_heart,damage,CES-D-10 screen-positive (>= 10),Heart abnormal (hs-cTnT >= 14 ng/L),binomial,yes vs no,,2230,0.9609,0.7095,1.3015,0.7968705694240164,0.8509307711957826,
cesd_positive,abn_heart,damage+hba1c,CES-D-10 screen-positive (>= 10),Heart abnormal (hs-cTnT >= 14 ng/L),binomial,yes vs no,,2208,0.9024,0.6612,1.2315,0.5173367716095874,,
cesd_positive,abn_nerve,unadjusted,CES-D-10 screen-positive (>= 10),Nerve abnormal (>= 2 insensate sites),binomial,yes vs no,,2265,1.214,0.9167,1.6077,0.17613145457035195,,
cesd_positive,abn_nerve,damage,CES-D-10 screen-positive (>= 10),Nerve abnormal (>= 2 insensate sites),binomial,yes vs no,,2265,1.4795,1.0947,1.9996,0.010809581925652421,0.04387599451835172,
cesd_positive,abn_nerve,damage+hba1c,CES-D-10 screen-positive (>= 10),Nerve abnormal (>= 2 insensate sites),binomial,yes vs no,,2200,1.3799,1.0075,1.89,0.04481167937612608,,
cesd_positive,abn_any,unadjusted,CES-D-10 screen-positive (>= 10),Any of the three organs abnormal,binomial,yes vs no,,2213,0.9649,0.7727,1.2048,0.7523188392804249,,
cesd_positive,abn_any,damage,CES-D-10 screen-positive (>= 10),Any of the three organs abnormal,binomial,yes vs no,,2213,1.0665,0.832,1.3671,0.6110661137560967,0.8509307711957826,
cesd_positive,abn_any,damage+hba1c,CES-D-10 screen-positive (>= 10),Any of the three organs abnormal,binomial,yes vs no,,2193,1.0371,0.8048,1.3364,0.7785338751769737,,
cesd_positive,abn_multi,unadjusted,CES-D-10 screen-positive (>= 10),Two or more organs abnormal,binomial,yes vs no,,2213,0.9416,0.6728,1.3176,0.7253756015363579,,
cesd_positive,abn_multi,damage,CES-D-10 screen-positive (>= 10),Two or more organs abnormal,binomial,yes vs no,,2213,1.0497,0.7242,1.5217,0.7977475979960462,0.8509307711957826,
cesd_positive,abn_multi,damage+hba1c,CES-D-10 screen-positive (>= 10),Two or more organs abnormal,binomial,yes vs no,,2193,0.9791,0.6683,1.4344,0.9135529164176267,,
cesd_positive,log_acr,unadjusted,CES-D-10 screen-positive (>= 10),log urine ACR (mg/g),gaussian,yes vs no,,2222,0.0487,-0.1528,0.2501,0.635882263978816,,
cesd_positive,log_acr,damage,CES-D-10 screen-positive (>= 10),log urine ACR (mg/g),gaussian,yes vs no,,2222,0.043,-0.1575,0.2435,0.6743734814903426,0.8509307711957826,
cesd_positive,log_acr,damage+hba1c,CES-D-10 screen-positive (>= 10),log urine ACR (mg/g),gaussian,yes vs no,,2200,-0.0093,-0.2091,0.1905,0.9273996365129575,,
cesd_positive,log_troponin,unadjusted,CES-D-10 screen-positive (>= 10),log hs-cTnT (ng/L),gaussian,yes vs no,,2230,-0.0047,-0.062,0.0526,0.8714917225178339,,
cesd_positive,log_troponin,damage,CES-D-10 screen-positive (>= 10),log hs-cTnT (ng/L),gaussian,yes vs no,,2230,0.0329,-0.0185,0.0842,0.21008649684896183,0.6722767899166778,
cesd_positive,log_troponin,damage+hba1c,CES-D-10 screen-positive (>= 10),log hs-cTnT (ng/L),gaussian,yes vs no,,2208,0.0129,-0.0381,0.0638,0.6204738741227553,,
cesd_positive,monofilament_missed,unadjusted,CES-D-10 screen-positive (>= 10),"Insensate sites, worse foot (0-10)",gaussian,yes vs no,,2265,0.1702,-0.03,0.3704,0.0957111509390935,,
cesd_positive,monofilament_missed,damage,CES-D-10 screen-positive (>= 10),"Insensate sites, worse foot (0-10)",gaussian,yes vs no,,2265,0.2568,0.059,0.4546,0.01096899862958793,0.04387599451835172,
cesd_positive,monofilament_missed,damage+hba1c,CES-D-10 screen-positive (>= 10),"Insensate sites, worse foot (0-10)",gaussian,yes vs no,,2200,0.1962,-0.0047,0.3972,0.055652902566093884,,
